company,role,salary,experience,Location,description,qualification,industry_type,Functional_area,Employment_type,Role_category
"VoicePlug Inc. is a leading Voice AI company helping businesses take advantage of the massive VOICE COMMERCE opportunity that is set for explosive growth in the coming years.VoicePlug voice-enables businesses with easy software plugins, so that customers can interact and transact with them, using natural language voice conversations. VoicePlug products are used by leading companies in the restaurant and retail industry.With its headquarters in Palo Alto, California and teams based in US and India, VoicePlug builds NLP and Deep Learning based Voice AI solutions that enable businesses seamlessly offer voice commerce services to their customers.For more details on the company and its products, visit www.voiceplug.ai","RoleSoftware Developer,","₹ 6,00,000 - 15,00,000 P.A. ",3 - 8 years,Pune,"Job descriptionReports To: Head of EngineeringJob Overview: We are looking to hire a Senior Python Developer to participate in the development of industry leading AI products. The responsibilities include design and development of new modules and applications, building new feature sets and enhancing existing feature sets, recommending changes, improving the functionality of existing software and ensuring that the design, application, and maintenance of software meets the quality standards of the company. To be successful Sr. Python Developer, you should be able to evaluate the users needs, time limitations and system limitations when developing software. We also expect you to be up to date on new technologies and software development practices.Responsibilities and Duties:Designing, coding, and debugging of various software applications that involves python, related frameworks, tools and other back-end applications.Designing, developing and managing data structures and database management systems.Web content scrapping application design and development.Testing and improving the performance of existing software applications.Maintaining and upgrading existing software applications.Recommending new technologies that can help increase productivity.Investigating software-related bugs, troubleshooting and making necessary corrections to ensure optimal software performance.Regularly attending team meetings to discuss projects, brainstorm ideas, and put forward solutions to any issues.Qualifications:Bachelors degree in Engineering, preferably Computer Science or similar or Masters Degree in Computer Application.At least 3 years of experience with Python and frameworks like Django, Flask and related components.Strong analytical skills and ability to understand concepts quickly.Experience of working with cross-border and cross-functional teams.Good communication skills and ability to multi-task.Proven experience in high-level programming languages, like Python, software development methodologies and in building complex web systems.RoleSoftware Developer,Industry TypeIT-Software, Software Services,Functional AreaIT Software - Application Programming, Maintenance,Employment TypeFull Time, PermanentRole CategoryProgramming & DesignEducationUG :B.Tech/B.E. in Any SpecializationKey SkillsGunicornWeb ScrappingPythonnginxArtificial IntelligenceData StructuresDebuggingProgrammingMachine LearningNLPSoftware Development MethodologiesDjangoWSGISocket ProgrammingRasaFlaskSkills highlighted with ‘‘ are preferred keyskills",['UG :B.Tech/B.E. in Any Specialization'],"Industry TypeIT-Software, Software Services,","Functional AreaIT Software - Application Programming, Maintenance,","Employment TypeFull Time, Permanent",Role CategoryProgramming & Design
"Established in 2016 and headquartered at Visakhapatnam, A.P, India. Ramer Software is a global IT solutions, services and consulting company providing Enterprise Solutions including (SAP, Oracle Apps and Microsoft Dynamics), Customized Software Applications, Web and Mobility Application Development, QA/Testing Services, Business Intelligence, Talent Acquisition, Manpower Outsourcing and IT staffing.Ramer Software offers a full range of consulting services from planning, scoping, process re-engineering, customizing, implementation, data conversion, standard and customized training for these applications. We offer these services on an individual or project basis. Additionally, we provide managed services from our offshore facility in Visakhapatnam.","RoleSoftware Developer,",Not Disclosed,5 - 10 years,Chennai,"Job descriptionDear Applicants..!Greetings from Ramer Software Solutions..!!We have an opportunity for python developer, looking for a freelancer.kindly go through below for detailed Job description. Django, viewflow (django), and materialize, JQuery, Postgresql, Celery, Redis, RestFramework. Expert in Python, with knowledge of at least one Python web framework such as Django,Flask, etc. Familiarity with some ORM (Object Relational Mapper) libraries Able to integrate multiple data sources and databases into one system Understanding of the threading limitations of Python, and multi-process architecture Good understanding of server-side templating languages such as Jinja 2, Mako, etc Basic understanding of front-end technologies, such as JavaScript, HTML5, and CSS3 Understanding of accessibility and security compliance Knowledge of user authentication and authorization between multiple systems, servers,and environments Understanding of fundamental design principles behind a scalable application Familiarity with event-driven programming in Python Understanding of the differences between multiple delivery platforms, such as mobile vsdesktop, and optimizing output to match the specific platform Able to create database schemas that represent and support business processes Strong unit test and debugging skills Proficient understanding of code versioning tools like Git, Mercurial or SVN.RoleSoftware Developer,Industry TypeIT-Software, Software Services,Functional AreaIT Software - Application Programming, Maintenance,Employment TypeFull Time, PermanentRole CategoryProgramming & DesignEducationUG :B.Tech/B.E. in Any SpecializationPG :Post Graduation Not RequiredDoctorate :Doctorate Not RequiredKey Skillsrestpythondjangogitpostgresqlhtml5accessibilityjavascriptjqueryredis","['UG :B.Tech/B.E. in Any Specialization', 'PG :Post Graduation Not Required', 'Doctorate :Doctorate Not Required']","Industry TypeIT-Software, Software Services,","Functional AreaIT Software - Application Programming, Maintenance,","Employment TypeFull Time, Permanent",Role CategoryProgramming & Design
" About the CompanyLogic Venture is a leading cloud communications provider focused on meeting the international calling needs of call centers and other global enterprises looking for VoIP Solutions. We provide telecommunications and enhanced VoIP solutions including Voice Broadcasting, Call Center Software, IP PBX, Asterisk Solutions, Kamailio Solutions.","RoleSoftware Developer,",Not Disclosed,2 - 6 years,Delhi NCR,"Job description Job description / Role 1. Python application Development in Core Python, java, c, c++, PHP. 2. Opportunity to work on R&D set up 3. Ability to design Python design patterns 4. Develop automation for managing database/services infrastructure 5. Good knowledge of OOPS 6. Responsible for creating a scalable system with heavy peak traffic 7. Be responsible for the whole lifecycle of an application or service, from conception, specification, documentation, development, testing, support, bug fixing and decommission 8. Knowledge of Redis, RabbitMQ, Socket Programming is add onRoleSoftware Developer,Industry TypeIT-Hardware & Networking,Functional AreaIT Software - Application Programming, Maintenance,Employment TypeFull Time, PermanentRole CategoryProgramming & DesignEducationUG :Any Graduate in Any SpecializationKey SkillsJavaC++Backend Python DeveloperCDesign PatternsOOPSRedisPHPSocket ProgrammingPythonInternational Calling",['UG :Any Graduate in Any Specialization'],"Industry TypeIT-Hardware & Networking,","Functional AreaIT Software - Application Programming, Maintenance,","Employment TypeFull Time, Permanent",Role CategoryProgramming & Design
"SPi Global - Philippines Best Employer 2018, 13th Employer Branding Awards, Employer Branding Institute - India and 2018's Top 25 AI Companies in APAC by CIO Advisor.","RoleTeam Leader -(Technical),","₹ 4,00,000 - 9,00,000 P.A. ",4 - 9 years,Pondicherry,"Job descriptionDear Aspirants,SPi is hiring for Python Developer.Job Description: We are looking for 4+yrs of experienced candidates to work on development activities related to Python Web development. The desired candidate would be involved in full software/ website development life cycle starting from requirement analysis to testing. The candidate should able to work in a team or should able to handle projects independently.Location: PondicherryExp: 4-9Responsibilities:Hands on experience in Python along with working exposure in HTML 5, CSS, Ajax, jQuery, PHP, Node/Angular JS, VB/ASP .NetKnowledge of Linux, Web application development, Quality software development. Excellent conceptual, analytical and programming skills. Should be well versed with OS: Linux/ UNIX.If the above position suits you, kindly apply here or share your updated CV to d.bhuvanaganesh@spi-global.com.RoleTeam Leader -(Technical),Industry TypeIT-Software, Software Services,Functional AreaITES, BPO, KPO, LPO, Customer Service, Operations,Employment TypeFull Time, PermanentRole CategoryVoiceEducationUG :Any Graduate in Any SpecializationPG :Any Postgraduate in Any SpecializationDoctorate :Doctorate Not RequiredKey SkillsAngularjsLinuxPHPNode.JsPython","['UG :Any Graduate in Any Specialization', 'PG :Any Postgraduate in Any Specialization', 'Doctorate :Doctorate Not Required']","Industry TypeIT-Software, Software Services,","Functional AreaITES, BPO, KPO, LPO, Customer Service, Operations,","Employment TypeFull Time, Permanent",Role CategoryVoice
Synapse India,"RoleSoftware Developer,",Not Disclosed,1 - 2 years,Noida,"Job description  Job Description      We are looking for a Python Developer to join our engineering team and help us develop and maintain various software products.    Writing and testing code, debugging programs and integrating applications with third-party web services.    To be successful in this role, you should have experience using server-side logic and work well in a team. Ultimately, you ll build highly responsive web applications that align with our business needs.   RoleSoftware Developer,Industry TypeIT-Software, Software Services,Functional AreaIT Software - Application Programming, Maintenance,Employment TypeFull Time, PermanentRole CategoryProgramming & DesignEducationUG :B.Tech/B.E. in ComputersPG :Post Graduation Not RequiredKey SkillsSIDEWeb servicesWeb technologiesDebuggingEmployee engagementCMMISEZOutsourcingPythonTesting","['UG :B.Tech/B.E. in Computers', 'PG :Post Graduation Not Required']","Industry TypeIT-Software, Software Services,","Functional AreaIT Software - Application Programming, Maintenance,","Employment TypeFull Time, Permanent",Role CategoryProgramming & Design
aRKe Software Solutions : A sister concern of Chadha Industries Log on to our website: http://www.arkess.com/ A product based IT Company for field for company's own requirement and for catering to other customers beginning with Manufacturing sector,"RoleSoftware Developer,","₹ 6,00,000 - 11,00,000 P.A. ",5 - 8 years,Delhi NCR( Kirti Nagar Industrial Area ),"Job descriptionIf you are passionate about technology, constantly seeking to learn and improve skill set, then you are the type of person we are looking for!We are offering superb career growth opportunities, great compensation and benefits. The Job Description is as follows for your ready reference. Please acknowledge if you are open for this opportunity.Job Position: Software Developer/ Senior Software Developer- PythonSummary: The primary focus will be the development of all server-side logic, ensuring high performance and responsiveness to requests from the front-end. You will also be responsible for integrating the front-end elements built by your co-workers into the application; therefore, a basic understanding of front-end technologies is necessary as well.Ultimately, you'll build highly responsive web applications that align with our business needs. Accountabilities:Expertise in Python: Design, code and build product Will be responsible to writing codes individually Ensure the best possible performance, quality, and securityIdentify bottlenecks and develop code for the organizationUnderstanding of established software development life cycles Ability to prioritize and multi-task in order to meet deadlines Develop new modules into the Odoo ERP.Integrate different 3rd party systems as modules into the Odoo ERP.End to End implementation of the Odoo ERP system as per the business needs.Customize, enhance and maintain existing modules of the Odoo ERP.- Ability to create new modules.Ability to customize existing core modules and add / remove additional features in      it.Must have ability to write / create / implement complex business logic in backend.Added advantage for candidate who has knowledge of Odoo UI JS framework.Must have domain knowledge of the Odoo out of box modules (CRM, Sales, Warehouse, Accounting, Project etc.)    Skillset:5-8  years of experience in Design or/and Development with Python. (Must have capability to write bug free codes in python)Should have experience in JavaScriptWho are working as full stack Developer are preferred.The person must have experience in developing web based applications in python      (Product Development).Strong Unit Testing practiceUnderstanding of design patterns, Micro-services Architecture Understanding of relational database like PostgreSQL and MySQLRequired Candidate profileMust have experience in product development in Python using any framework.Must have experience into logic building, designing and developmentTeam Management Ready to work with high pace5 days working (Tuesday to Saturday)Perks and Benefits As per Norms (based on Interview)RoleSoftware Developer,Industry TypeIT-Software, Software Services,Functional AreaIT Software - Application Programming, Maintenance,Employment TypeFull Time, PermanentRole CategoryProgramming & DesignEducationUG :B.Tech/B.E. in ComputersPG :Any Postgraduate in Any Specialization, Post Graduation Not RequiredDoctorate :Any Doctorate in Any Specialization, Doctorate Not RequiredKey Skillspythonerpsoftware developmentweb applicationodoobackend developerpython developerpython programmercodingdjangopostgresqlproduct developmentJavascriptCRM","['UG :B.Tech/B.E. in Computers', 'PG :Any Postgraduate in Any Specialization, Post Graduation Not Required', 'Doctorate :Any Doctorate in Any Specialization, Doctorate Not Required']","Industry TypeIT-Software, Software Services,","Functional AreaIT Software - Application Programming, Maintenance,","Employment TypeFull Time, Permanent",Role CategoryProgramming & Design
HCL,"RoleSoftware Developer,",Not Disclosed,1 - 3 years,Bengaluru,"Job descriptionHCL Technologies is looking to hire Python Developers at Banglore location.Hands on experience in Coding in Python is required along with Knowledge about Data Structures and object oriented programming.Experience 1 to 2.5 yearsLocation  -       BangaloreEducation - Premier       institutes/ BE/BTechPrimary Skill - Python Development, Very good aptitude, Keen to learn Telecom TechnologiesRoleSoftware Developer,Industry TypeIT-Software, Software Services,Functional AreaIT Software - Application Programming, Maintenance,Employment TypeFull Time, PermanentRole CategoryProgramming & DesignEducationUG :B.Tech/B.E. in Any SpecializationPG :Any Postgraduate in Any Specialization, Post Graduation Not RequiredDoctorate :Doctorate Not Required, Any Doctorate in Any SpecializationKey Skillsobject orientedData StructuresOOPSPython Developerpython programmerPython","['UG :B.Tech/B.E. in Any Specialization', 'PG :Any Postgraduate in Any Specialization, Post Graduation Not Required', 'Doctorate :Doctorate Not Required, Any Doctorate in Any Specialization']","Industry TypeIT-Software, Software Services,","Functional AreaIT Software - Application Programming, Maintenance,","Employment TypeFull Time, Permanent",Role CategoryProgramming & Design
"Established in 2016 and headquartered at Visakhapatnam, A.P, India. Ramer Software is a global IT solutions, services and consulting company providing Enterprise Solutions including (SAP, Oracle Apps and Microsoft Dynamics), Customized Software Applications, Web and Mobility Application Development, QA/Testing Services, Business Intelligence, Talent Acquisition, Manpower Outsourcing and IT staffing. Ramer Software offers a full range of consulting services from planning, scoping, process re-engineering, customizing, implementation, data conversion, standard and customized training for these applications. We offer these services on an individual or project basis. Additionally, we provide managed services from our offshore facility in Visakhapatnam. .","RoleSoftware Developer,",Not Disclosed,2 - 5 years,Visakhapatnam,"Job descriptionHello Job Seekers We are looking for Python Developer as an Freelancer Experienced Consultant  for our organisation.Company     :  Ramer Software SolutionsExperience   :  2 to 5Mode            :  Full time/PermanentSalary           :  As per standardsVacancies     :  3Job Description : Requirements & Skills :  Django, viewflow  (django), and materialize, JQuery, Postgresql, Celery, Redis, Rest Framework. Expert in Python, with  knowledge of at least one Python web framework such as Django, Flask, etc. Familiarity with some  ORM (Object Relational Mapper) libraries Able to integrate  multiple data sources and databases into one system Understanding of the  threading limitations of Python, and multi-process architecture Good understanding of  server-side templating languages such as Jinja 2, Mako, etc Basic understanding of  front-end technologies, such as JavaScript, HTML5, and CSS3 Understanding of  accessibility and security compliance Knowledge of user  authentication and authorization between multiple systems, servers, and  environments Understanding of  fundamental design principles behind a scalable application Familiarity with  event-driven programming in Python Understanding of the  differences between multiple delivery platforms, such as mobile vs desktop, and  optimizing output to match the specific platform Able to create  database schemas that represent and support business processes Strong unit test and  debugging skills Proficient  understanding of code versioning tools like Git, Mercurial or SVN. Responsibilities:  Writing reusable,  testable, and efficient code. Design and  implementation of low-latency, high-availability, and performant applications. Integration of  user-facing elements developed by front-end developers with server side logic. Implementation of  security and data protection. Integration of data storage solutions like  key-value stores, blob stores, etc.If interested , please share your updated CV to kguna@ramersoft.com   RoleSoftware Developer,Industry TypeIT-Software, Software Services,Functional AreaIT Software - Application Programming, Maintenance,Employment TypeFull Time, PermanentRole CategoryProgramming & DesignEducationUG :Any Graduate in Any Specialization, Graduation Not RequiredPG :Post Graduation Not Required, Any Postgraduate in Any SpecializationDoctorate :Doctorate Not Required, Any Doctorate in Any SpecializationKey SkillsJinja 2materializePostgresqlRedisrest frameworkCSS3jQueryceleryDjangoJavaScriptHTML5viewflowrest frame work manager","['UG :Any Graduate in Any Specialization, Graduation Not Required', 'PG :Post Graduation Not Required, Any Postgraduate in Any Specialization', 'Doctorate :Doctorate Not Required, Any Doctorate in Any Specialization']","Industry TypeIT-Software, Software Services,","Functional AreaIT Software - Application Programming, Maintenance,","Employment TypeFull Time, Permanent",Role CategoryProgramming & Design
"iSparrow HR Solutions is the fast mover & market leader. Comprising an energetic, enthusiastic and creative team, Sparrow has expanded within a short span of time to a team of 100 people and over 4 locations in Gujarat and 1 Location in Bangalore, growing further at a very aggressive rate on a weekly basis.iSparrow is a leading It companies in India. Established in 2014, and now we are a start up manpower outsourcing company corporate office in Ahmedabad Gujarat state of India.We find winners who build business. As passionate experts in the executive service industry we build leadership terms of our clients every day. Orchestrating a process ends in the hiring of world class talent.Looking for a true partnership with a trusted advisor isparrow is the solution. Maximize your exposure to the global executive talent pool and fully leverage the experience of our executive search consultants.","RoleSoftware Developer,",Not Disclosed,4 - 9 years,Ahmedabad,"Job descriptionRoles and ResponsibilitiesWe are looking for Python Developers (Min. 4+ Years’ experience in Python)Required Skills:• Solid experience in Application development in Python• Ability to quickly understand complex application and system• Write effective, scalable Python Code• Experience with RDBMs (PostgreSQL) and NoSQL databases, SQL Server, MySQL MSSQL• Experience with Django or similar python web framework (Flask) • Experience with RESTful API design & development• Architect, design, Develop new application,and maintain existing application• Design and development of highly scalable, highly available, and performance optimized tools• Should have Data processing experience – NumPy, Scipy or Pandas• Financial Domain & Cryptography knowledge/experience will be plus• Meeting on-time, on-quality commitments for assigned program/project deliverables• Excellent team player, effective independent contributor with good interpersonal skillsBCA/ BE/Betech / ME / MtechRoleSoftware Developer,Industry TypeIT-Software, Software Services,Functional AreaIT Software - Application Programming, Maintenance,Employment TypeFull Time, PermanentRole CategoryProgramming & DesignEducationUG :BCA in Computers, B.Tech/B.E. in Any SpecializationPG :M.Tech in Any SpecializationDoctorate :Doctorate Not RequiredKey Skills Scipy  SQL ServerNoSQL databasesDjango  MySQL MSSQLPython Developer PandasNumPyPython","['UG :BCA in Computers, B.Tech/B.E. in Any Specialization', 'PG :M.Tech in Any Specialization', 'Doctorate :Doctorate Not Required']","Industry TypeIT-Software, Software Services,","Functional AreaIT Software - Application Programming, Maintenance,","Employment TypeFull Time, Permanent",Role CategoryProgramming & Design
"iSparrow HR Solutions is the fast mover & market leader. Comprising an energetic, enthusiastic and creative team, Sparrow has expanded within a short span of time to a team of 100 people and over 4 locations in Gujarat and 1 Location in Bangalore, growing further at a very aggressive rate on a weekly basis.
iSparrow is a leading It companies in India. Established in 2014, and now we are a start up manpower outsourcing company corporate office in Ahmedabad Gujarat state of India.
We find winners who build business. As passionate experts in the executive service industry we build leadership terms of our clients every day. Orchestrating a process ends in the hiring of world class talent.
Looking for a true partnership with a trusted advisor isparrow is the solution. Maximize your exposure to the global executive talent pool and fully leverage the experience of our executive search consultants.
","RoleSoftware Developer,",Not Disclosed,10 - 15 years,Ahmedabad,"Job descriptionRoles and ResponsibilitiesWe are looking for Python Developers (Min. 4+ Years’ experience in Python)Required Skills:• Solid experience in Application development in Python• Ability to quickly understand complex application and system• Write effective, scalable Python Code• Experience with RDBMs (PostgreSQL) and NoSQL databases, SQL Server, MySQL MSSQL• Experience with Django or similar python web framework (Flask) • Experience with RESTful API design & development• Architect, design, Develop new application,and maintain existing application• Design and development of highly scalable, highly available, and performance optimized tools• Should have Data processing experience - NumPy, Scipy or Pandas• Financial Domain & Cryptography knowledge/experience will be plus• Meeting on-time, on-quality commitments for assigned program/project deliverables• Excellent team player, effective independent contributor with good interpersonal skillsQualification: BCA/ BE/Betech / ME / MtechRoleSoftware Developer,Industry TypeIT-Software, Software Services,Functional AreaIT Software - DBA, Datawarehousing,Employment TypeFull Time, PermanentRole CategoryProgramming & DesignEducationUG :BCA in Computers, B.Tech/B.E. in Any SpecializationPG :M.Tech in Any SpecializationDoctorate :Doctorate Not RequiredKey SkillsScipyDjangoNoSQL DatabasesPandasMySQLSQL ServerMSSQLNumPyPython","['UG :BCA in Computers, B.Tech/B.E. in Any Specialization', 'PG :M.Tech in Any Specialization', 'Doctorate :Doctorate Not Required']","Industry TypeIT-Software, Software Services,","Functional AreaIT Software - DBA, Datawarehousing,","Employment TypeFull Time, Permanent",Role CategoryProgramming & Design
"RV Matrix has extensive experience in the field of product and application development for the last 12 years,  in the last 7 years RV Matrix is also into IT Consulting and Solutions business.RV Matrix provides Robotic Process Automation Solutions to two large Software exporters. RV Matrix leverages its best practices and expertise in different tools like Automation Anywhere, Blue Prism, UI Path, AHK, and so on, to ensure that operating costs are reduced. RV matrix has completed more than 3000 jobs on this particular vertical.","RoleTeam Lead/Technical Lead,",Not Disclosed,10 - 15 years,Chennai,"Job descriptionRoles and ResponsibilitiesJob Summary :We are looking for a skilled Python developer to build and lead a team of developers under you. You will be responsible for managing the interchange of data between the server and the users. Your primary focus will be the development of all server-side logic, ensuring high performance and responsiveness to requests from the front-end. You will also be responsible for integrating the front-end elements built by your co-workers into the application; therefore, a basic understanding of front-end technologies is necessary as well.To succeed in this role, you- ll build highly responsive web applications that align with our business needs. Duties & Responsibilities :You should have worked on at least one large enterprise level application security project - (web, cross platform and native mobile applications) over the course of a few years. Prior experience with applications where a mistake or oversight can cause issues (financial, personnel, operations related), are a great indicator that the resource will fit well.Key responsibilities for this position include :- Be an expert in Python, with solid working knowledge of at least one Python web framework such as Django, Flask, etc- - Good familiarity with ORM (Object Relational Mapper) libraries.- Ability to integrate multiple data sources and databases into one system.- Understanding of the threading limitations of Python, and multi-process architecture.- Good understanding of server-side templating languages such as Jinja 2, Mako, etc- - Basic understanding of front-end technologies, such as JavaScript, HTML5, and CSS3.- Understanding of accessibility and security compliance.- Good knowledge of user authentication and authorization between multiple systems, servers, and environments.- Understanding of fundamental design principles behind a scalable application.- Familiarity with event-driven programming in Python.- Understanding of the differences between multiple delivery platforms, such as mobile vs desktop, and optimizing output to match the specific platform.- Able to create database schemas that represent and support business processes.- Strong unit test and debugging skills.- Proficient understanding of code versioning tools such as Git, Mercurial or SVN.- Help other team members to grow through regular feedback sessions and performance reviews.- Promote and ensure knowledge sharing, to avoid silos in the team.- Should follow good code quality standards.- Follow/maintain an agile methodology for delivering on project milestones.- Excellent oral, presentation, and written communication skills.Preferred Qualification :- Typically 10 years of experience, 5+ years in bringing to life web applications, mobile applications, and machine learning frameworks.- Hands on work experience with: Python 3, Flask, Javascript (ES6), React, Node.js, MongoDB, Elasticsearch, AWS, Docker, Kubernetes, Microservices- Good knowledge of caching technologies like Redis and queues like Kafka, SQS, MQ etc.- Code review through the Crucible tool will be an added advantage.- You should be a creative problem-solver who demonstrates clear and thoughtful approaches to challenging technical problems that solve real business needs.RoleTeam Lead/Technical Lead,Industry TypeIT-Software, Software Services,Functional AreaIT Software - Application Programming, Maintenance,Employment TypeFull Time, PermanentRole CategoryProgramming & DesignEducationUG :B.Tech/B.E. in Any Specialization, B.Sc in Any Specialization, BCA in ComputersPG :Any Postgraduate in Any SpecializationDoctorate :Doctorate Not RequiredKey SkillsPython ArchitectDatabase SchemaDjangoMicroservices ArchitectureJavascriptNode.jsProject Manager - PythonReact.jsPythonFlaskCTO","['UG :B.Tech/B.E. in Any Specialization, B.Sc in Any Specialization, BCA in Computers', 'PG :Any Postgraduate in Any Specialization', 'Doctorate :Doctorate Not Required']","Industry TypeIT-Software, Software Services,","Functional AreaIT Software - Application Programming, Maintenance,","Employment TypeFull Time, Permanent",Role CategoryProgramming & Design
" Tango IT is an AI based product company operating from Chennai. We started our journey as an AI service provider and provided a solution to NPCI for UPI payments analytics.Currently we are into retail analytics. We have a SAAS product called Tango Eye for instore video analytics.  we service clients like Nykaa, NPCI, Sangeetha mobiles, Specs makers and many more.We are seed funded company. Technology partners are NVIDIA and Amazon.For more details can visit our website  www.tangoeye.io","RoleSoftware Developer,",Not Disclosed,2 - 7 years,Chennai,"Job descriptionJob Description for Data Engineer and python developer Job Title:Data Engineer and python developerReports To: CTOAbout Company:Tango IT is an AI based product company operating from Chennai. We started our journey as an AI service provider and provided a solution to NPCI for UPI payments analytics.Currently we are into retail analytics. We have a SAAS product called Tango Eye for instore video analytics.  we service clients like Nykaa, NPCI, Sangeetha mobiles, Specs makers and many more.We are seed funded company. Technology partners are NVIDIA and Amazon.For more details can visit our website  www.tangoeye.io Job Overview: 3 to 7 years of Experience in DATA ENGINEERING, responsible for building and maintaining optimized and highly scalable distributed processing using big data framework that facilitate deeper analysis and reporting systems.  Tech Stacks: Big Data, Apache Spark, Apache Kafka, AWS cloud computing, NoSQL experience (good in database query), Python and Scala, Shell scripting. AWS is must Responsibilities and Duties: Experience in developing Apache spark Scala distributed application Should have real time experience in handling large volumes of data (both structured and unstructured) Expertise in distributing data workloads to handle TB of data for machine learning Jobs (parallel execution)Should have experience in building large scale spark application using Scala Experience in both streaming and batch data processing workloads using Apache SparkExperience in working Hive database and optimising itExpertise in presto analytical query engineShould have experience in handling/optimising various file formats like parquet, Avro etcAbility to resolve ongoing issues with operating the clusterCreate and maintain optimal data pipeline workflow in AWSAbility to optimise HDFS file system operationBuild the infrastructure required for optimal extraction, transformation, and loading of data from a wide variety of data sources using big data toolsBuild analytics tools that utilize the data pipeline to provide actionable insights into customer acquisition, operational efficiency and other key business performance metrics.Working knowledge of message queuing using Apache KafkaExperience with big data tools: HDFS, Hive, Apache Spark, KafkaExperience with relational SQL and NoSQL databases, including Postgres and Cassandra.Experience with AWS cloud services: EC2, EMR, RDS, RedshiftExperience with stream-processing systems: Spark-StreamingExperience with object-oriented and functional programming language: Python, JavaFollow business targets and Scrum.If worked on Pyspark application also, is an added advantage QualificationsEducation: Any Degree Other skills: Problem Solving Approach, project and Time Management skills.Personal characteristics: Passion to learn and work in teams in a Startup Environment Certifications: Any relevant certifications like Hortonworks/Cloudera Hadoop Certifications. RoleSoftware Developer,Industry TypeIT-Software, Software Services,Functional AreaIT Software - Application Programming, Maintenance,Employment TypeFull Time, PermanentRole CategoryProgramming & DesignEducationUG :Graduation Not RequiredKey SkillsBig DataAWSPythonPysparkHiveArtificial IntelligenceClouderaHadoopSparkMachine LearningAvroSQLSkills highlighted with ‘‘ are preferred keyskills",['UG :Graduation Not Required'],"Industry TypeIT-Software, Software Services,","Functional AreaIT Software - Application Programming, Maintenance,","Employment TypeFull Time, Permanent",Role CategoryProgramming & Design
"6sense's Account Based Orchestration Platform helps revenue teams compete and win in the age of Account Based Buying by putting the power of AI, big data and machine learning behind every member of the B2B revenue team, empowering them to uncover anonymous buying behavior, prioritize fragmented data to focus on accounts in market, and engage resistant buying teams with personalized, omni-channel, multi-touch campaigns. Revenue teams using 6sense know everything they need to know about their buyers and can easily do anything they need to do to generate more opportunities, increase deal size, get into opportunities sooner, and win more often.","RoleTeam Lead/Technical Lead,",Not Disclosed,5 - 8 years,Pune,"Job description  Description        6sense is a Predictive Intelligence Engine that is reimagining how B2B companies do sales and marketing. It works with big data at scale, advanced machine learning and predictive modeling to find buyers and predict what they will purchase, when and how much.       6sense helps B2B marketing and sales organizations fully understand the complex ABM buyer journey. By combining intent signals from every channel with the industry s most advanced AI predictive capabilities, it is finally possible to predict account demand and optimize demand generation in an ABM world. Equipped with the power of AI and the 6sense Demand Platform , marketing and sales professionals can uncover, prioritize and engage buyers to drive more revenue.       6sense is seeking a Senior Python Developer to become part of a team designing, developing, and deploying its customer centric applications.          A Senior Python Developer at 6sense will have the opportunity to         Optimize components for maximum performance across multiple devices and browsers         Write performant REST APIs for both internal and external consumption         Build micro services and their deployment process         Work with problems of scale, employ technologies that are distributed in nature.        Perform code reviews        Required qualifications and must have skills         BE/BTech/BS or equivalent         Excellent analytical and problem-solving skills        Proven-deep-expertise with Python programming (5 to 8 Years of minimum hands-on experience in Python).     Experience in working with frameworks like Django, Flask, etc.     Experience with building APIs and services using REST, SOAP, etc.      Experience with any RDBMS and strong SQL knowledge         Comfortable with   Unix   / Linux command line         Object-oriented concepts & design patterns          Nice to have Skills         Familiarity with UI frameworks like AngularJS/   ReactJS and Redux with   strong   focus on usability design       Experience with Big Data platforms like   Hadoop   / Hive / Presto         Experience with ML/AI frameworks like TensorFlow, H20,   etc         Used Key Value stores or   noSQL   databases         Good understanding of docker and container platforms like Mesos and Kubernetes         Security-first architecture approach         Application benchmarking and optimization          Interpersonal Attributes         You can work independently as well as part of a team         You take ownership of projects and drive them to   conclusion         You re a good communicator and are capable of not just doing the work, but teaching others and explaining the why behind complicated technical decisions         You aren t afraid to roll up your sleeves: This role will evolve over time, and we ll want you to evolve with it!        #LI-PS1       *   Required  First Name   *   Last Name   *   Email   *   Phone Resume/CV Cover Letter   Do you have experience in Python for Backend, and if yes how many years?     What is your primary expertise in?  *       Python   ReactJS   RoleTeam Lead/Technical Lead,Industry TypeIT-Software, Software Services,Functional AreaIT Software - Application Programming, Maintenance,Employment TypeFull Time, PermanentRole CategoryProgramming & DesignEducationUG :Any Graduate in Any SpecializationPG :Post Graduation Not RequiredKey SkillsUnixNoSQLLinuxRDBMSDjangoAnalyticalMachine learningPredictive modelingSQLPython","['UG :Any Graduate in Any Specialization', 'PG :Post Graduation Not Required']","Industry TypeIT-Software, Software Services,","Functional AreaIT Software - Application Programming, Maintenance,","Employment TypeFull Time, Permanent",Role CategoryProgramming & Design
"Simplifaiis a Norwegian IT company with a special focus on Artificial Intelligence and the Robotization of work processes. Our customers are within different industries and of all sizes from small to large scale established companies. In Simplifai you will get to work with modern technology and challenging business processes. At Simplifai we are focused on solving customers' business problems. Once we understand business problems, we put together solutions and technologies with the help of our experts ","RoleSoftware Developer,",Not Disclosed,5 - 9 years,Pune,"Job descriptionHello, We are looking for a Python Developer responsible for managing and developing APIs for machine- learning applications.Python Developer responsibilities include writing and testing code, debugging programs, and integrating applications with third-party services.    Responsibilities:   •Maintenance of existing machine learning. •Refactoring existing codebases to improve usability, performance, and efficiency. •Implementing new features in existing applications. •Writing optimized code to handle millions of requests. •Developing new applications leveraging knowledge of algorithms, data structures, and design patterns. •Developing unit tests, documentation for features, evaluating quality and proposing corrective   actions    Requirement:   •BS or masters in computer science or a related field •5+ years of experience with Python. •Experience with OOP in Python 3, •Strong SQL experience •Experience with REST and SOAP APIs •Experience with gRPC •Familiarity with parallel processes and async frameworks (e.g. twisted, asyncio, ..) •Python web frameworks (e.g. flask, django, ..) •Experience with unit test (pytest, noise, ..) •Experience of ML libraries is a plus (e.g. keras, tensorflow, pytorch, ..) •Experience with cloud (AWS, azure, GCP) •Experience with big data solutions and processing large data volumes, knowledge of   Hadoop/Spark is a plus •Experience with NLP is a plus. •Experience with deploying applications to production •Develop high-quality code that is aligned with user needs and business goals. •Producing, testing and debugging code  Perks and Benefits As per market standardRoleSoftware Developer,Industry TypeIT-Software, Software Services,Functional AreaIT Software - Application Programming, Maintenance,Employment TypeFull Time, PermanentRole CategoryProgramming & DesignEducationUG :B.Tech/B.E. in Any SpecializationPG :Post Graduation Not RequiredDoctorate :Doctorate Not RequiredKey SkillsNLPDebuggingMicrosoft AzureMachine LearningPythonFlask","['UG :B.Tech/B.E. in Any Specialization', 'PG :Post Graduation Not Required', 'Doctorate :Doctorate Not Required']","Industry TypeIT-Software, Software Services,","Functional AreaIT Software - Application Programming, Maintenance,","Employment TypeFull Time, Permanent",Role CategoryProgramming & Design
"Codiant Software Technologies Pvt. Ltd. is an offshore Web/Application development & Mobile App development company, Headquarter in USA (chicago) and development center in India(Indore). We offer custom application development, web development outsourcing services. Codiant Software Technologies  has been in the industry of software companies for 9 years, employs IT professionals, and has more than 9 years total experience of offshore software development.We provide custom web or mobile development and design services to clients across United States, Europe , Australia, Singapore & Middle East including some other part of the world. We specialize in custom web development, website design, e-commerce, Content Managed Website , Open Source Customization. Codiant has an integrated team of experienced web consultants, creative web designers, web content writers, dedicated php programmers, Mobile app developers and marketing professionals who works together to provide our clients with the complete solution, making our company the most affordable web design company India. At Neuron we bring together the right people, latest technologies and latest web trends clubbed with our custom web site development services to provide our clients with the best experience... and this makes us the most affordable web design company India. Our clients benefit from our wise suggestions, commitment, technical expertise and competitive pricing. Growth Prospects: Our aim is to provide career, not any other job to our talents. We want our employees to grow with us in achieving 100% customer satisfaction by delivering solution on time with Desired Quality. By aligning the Present Scenario with Future Projections, we see unprecedented growth opportunities for all the employees in coming years by way of learning, Exposure and Rewards.","RoleSoftware Developer,",Not Disclosed,2 - 4 years,Indore,"Job descriptionWe at Codiant are looking for Python Developers:Job descriptionShould have minimum 2 year experience of python language.Proficiency in object-oriented design, data structures, algorithm design and problem solvingShould have a good understanding of REST principles.Good understanding of SDLC and methodologiesExperience in web framework/sBasic understanding of front-end technologies, such as JavaScript, HTML5, and CSS3Candidate must have good knowledge of Data StructureGood problem-solving skillsDevelop back-end components to improve responsiveness and overall performanceShould have understanding of code versioning tool such as Git, SVNRoles & ResponsibilitiesResponsible for robust and efficient implementationSuggest technical solutions for short and long termCollaborate with team members and across groups to prepare technical specifications.Design and develop high-quality code.Test, debug, analyze and fix application problems/issues.Work closely with stakeholders to fix issues in a timely fashion.Participate in code reviews in accordance with program specifications and coding standards, practices and conventions, new designs, changes and enhancements.Interact with inter/intra team to support product releases and/or resolve program problems.RoleSoftware Developer,Industry TypeIT-Software, Software Services,Functional AreaIT Software - System Programming,Employment TypeFull Time, PermanentRole CategoryProgramming & DesignEducationUG :B.Tech/B.E. in Any SpecializationKey SkillsRestFront EndGITHtml5Web TechnologiesData StructuresDjangoJavascriptSVNPython",['UG :B.Tech/B.E. in Any Specialization'],"Industry TypeIT-Software, Software Services,","Functional AreaIT Software - System Programming,","Employment TypeFull Time, Permanent",Role CategoryProgramming & Design
